,meeting,first_name,last_name,department,email,V1
1,1,Michelle,Sexton,Senior Management,michelle.sexton@thomasmiller.com,Theodoros.Karageorgos@thomasmiller.com
2,1,Theo,Karageorgos,Hellas,Theodoros.Karageorgos@thomasmiller.com,michelle.sexton@thomasmiller.com
3,2,Tom,Holme,Underwriting,THOMAS.HOLME@THOMASMILLER.COM,alan.mackinnon@thomasmiller.com
4,2,Alan,Mackinnon,Senior Management,alan.mackinnon@thomasmiller.com,THOMAS.HOLME@THOMASMILLER.COM
5,3,Patrick,Green,You Forgot Mine!,patrick.green@thomasmiller.com,nigel.desilva@thomasmiller.com
6,3,Nigel,De Silva,Senior Management,nigel.desilva@thomasmiller.com,patrick.green@thomasmiller.com
